Designator,Mid X,Mid Y,Rotation,Layer
C1,93.5,-116.661341,225,top
C10,57.797965,-87.507475,135,top
C11,60.312436,-84.993004,135,top
C12,51.103459,-94.586216,180,top
C13,78.879801,-63.803747,45,top
C14,71.395891,-73.853378,135,top
C15,66.903944,-78.401496,135,top
C16,64.155986,-81.149454,135,top
C17,61.964803,-83.340636,135,top
C18,56.720334,-88.585106,135,top
C19,59.03724,-86.2682,135,top
C2,97.767393,-68.284073,45,top
C20,148.557024,-34.105218,180,top
C21,146.548145,-36.350282,180,top
C22,135.80506,-34.644033,180,top
C23,131.820525,-34.554231,0,top
C24,124.007702,-35.003244,180,top
C25,120.685007,-34.015415,0,top
C26,96.528118,-67.15256,45,top
C27,113.879444,-84.085369,45,top
C28,95.804074,-115.54779,315,top
C29,72.314649,-34.733836,180,top
C3,115.015496,-85.170464,45,top
C30,69.228139,-35.901269,90,top
C31,56.296571,-35.542059,90,top
C32,46.238684,-35.542059,90,top
C33,43.903817,-35.362454,90,top
C34,67.859418,-112.63729,225,top
C35,108.177387,-103.17106,315,top
C36,105.632786,-105.510788,315,top
C37,109.793833,-101.554614,315,top
C38,101.515517,-109.836347,315,top
C39,99.126768,-112.225095,315,top
C4,51.097711,-93.114954,180,top
C40,97.977296,-113.374568,315,top
C41,102.233028,-72.027925,45,top
C42,68.937049,-113.714921,225,top
C43,107.099756,-104.248691,315,top
C44,104.555155,-106.588419,315,top
C45,110.871464,-100.476983,315,top
C46,102.593147,-108.758716,315,top
C47,100.186439,-111.165425,315,top
C48,96.881704,-114.470159,315,top
C49,108.912247,-79.149567,45,top
C5,80.22684,-65.150786,45,top
C50,103.328619,-73.123516,45,top
C51,110.097358,-80.334678,45,top
C52,98.668928,-126.587405,225,top
C53,99.746559,-127.665036,225,top
C54,98.309718,-130.538717,45,top
C55,100.82419,-128.742666,225,top
C56,98.219916,-132.783782,225,top
C59,118.829969,-106.994082,225,top
C6,72.473521,-72.775748,135,top
C60,119.9076,-108.071713,225,top
C61,118.470759,-110.945395,45,top
C62,120.98523,-109.149343,225,top
C63,118.380956,-113.190459,225,top
C66,74.868023,-129.027232,225,top
C67,75.945654,-130.104863,225,top
C68,74.508813,-132.978545,45,top
C69,77.023285,-131.182494,225,top
C7,68.035457,-77.269983,135,top
C70,74.41901,-135.223609,225,top
C73,66.422577,-111.200449,225,top
C74,65.344947,-110.122819,225,top
C75,99.161599,-168.745399,180,top
C76,48.290709,-105.568924,180,top
C77,48.290709,-104.044924,180,top
C78,44.467709,-105.568924,0,top
C79,48.290709,-102.520925,180,top
C8,65.34138,-79.96406,135,top
C80,42.943709,-107.092925,180,top
C81,99.161599,-170.2694,180,top
C82,96.1136,-171.285399,0,top
C83,99.1616,-171.793399,180,top
C84,94.4626,-172.8094,180,top
C9,63.060395,-82.245045,135,top
D1,103.597569,-60.644295,45,top
IC1,102.799846,-131.795953,225,top
IC2,122.960887,-112.20263,225,top
IC3,78.998941,-134.235781,225,top
IC4,98.3996,-175.349399,180,top
IC5,47.007709,-109.124925,180,top
J1,41.035135,-63.375853,270,top
J14,165.269654,-49.415488,180,top
J15,165.269654,-65.940487,180,top
J16,165.269654,-82.450488,180,top
J17,165.269654,-92.595488,180,top
J18,99.65675748289294,-122.0074735,315,top
J19,119.81779748289294,-102.4141505,315,top
J2,71.473203,-43.35488122,315,top
J20,75.85585148289294,-124.4473005,315,top
J22,51.579709,-99.980925,270,top
J23,94.358405,-129.0948052,315,top
J24,114.309025,-109.7189742,315,top
J25,70.5575,-131.5346332,315,top
J28,43.456709,-101.753924,270,top
J3,42.967569,-89.484295,90,top
J4,55.542439,-106.379542,0,top
J44,94.3406,-167.470399,270,top
J45,103.0986,-166.205399,270,top
J5,56.860914,-73.605581,90,top
J6,44.096186,-79.404001,0,top
J7,101.970082,-116.274632,315,top
J8,90.13159838789308,-123.1367508,315,top
J9,46.243684,-66.06993,270,top
R1,33.377569,-71.754295,180,top
R2,32.787569,-47.664295,180,top
R4,105.619814,-58.330131,225,top
R5,130,-85,135,top
R6,121.13402,-79.904524,135,top
R7,74.545583,-67.283701,315,top
R8,73.045583,-68.783701,315,top
R9,60,-78.5,0,top
RF1,107.289974,-131.257138,135,top
RF10,42.943709,-108.616925,0,top
RF2,99.028139,-135.208451,315,top
RF3,127.451015,-111.663815,135,top
RF4,119.189179,-115.615128,315,top
RF5,83.489069,-133.696965,135,top
RF6,75.227233,-137.648278,315,top
RF7,101.9556,-178.143399,90,top
RF8,93.3196,-175.0954,270,top
RF9,50.817709,-111.283925,0,top
RG1,106.032738,-128.922271,45,top
RG10,50.817709,-108.108925,0,top
RG2,104.6857,-127.754838,45,top
RG3,126.193779,-109.328948,45,top
RG4,124.84674,-108.161515,45,top
RG5,82.231833,-131.362099,45,top
RG6,80.884795,-130.194665,45,top
RG7,102.7176,-175.603399,0,top
RG8,102.5906,-173.825399,0,top
RG9,50.817709,-109.759924,0,top
RO1,101.093597,-134.939043,135,top
RO2,106.930764,-133.412399,135,top
RO3,121.254638,-115.34572,135,top
RO4,127.091805,-113.819077,135,top
RO5,77.292692,-137.37887,135,top
RO6,83.129859,-135.852227,135,top
RO7,94.970599,-176.365399,90,top
RO8,100.1776,-179.413399,90,top
S1,25.191879,-64.843222,270,top
S10,36.891969,-94.743384,90,top
S11,26.48212,-110.25779,315,top
S12,30.074223,-121.034097,315,top
S13,38.515663,-128.757117,315,top
S14,52.363218,-122.848109,315,top
S15,46.077039,-136.318493,315,top
S16,131.144873,-72.17072,90,top
S17,130.99425,-61.735782,90,top
S18,130.99425,-51.321782,90,top
S19,159.427654,-89.024488,90,top
S2,25.304112,-54.839035,270,top
S20,135.297654,-83.690488,270,top
S21,74.239122,-164.875708,315,top
S22,116.7384,-182.9054,90,top
S23,79.833963,-150.30061,315,top
S24,159.427654,-99.692488,90,top
S25,135.551654,-94.612488,270,top
S26,59.416415,-130.163322,315,top
S27,65.294787,-155.823609,315,top
S28,53.776371,-143.999582,315,top
S29,135.297654,-72.768488,270,top
S3,61.349485,-47.031059,225,top
S30,135.297654,-62.354488,270,top
S31,135.297654,-51.178488,270,top
S32,135.310554,-40.743488,270,top
S33,159.173654,-77.848487,90,top
S34,159.173654,-67.688488,90,top
S35,158.919654,-56.512488,90,top
S36,159.173654,-46.606487,90,top
S37,157.055044,-126.961066,45,top
S38,150.188844,-112.993073,45,top
S39,150.2152,-134.519331,45,top
S4,53.243283,-55.119017,225,top
S40,143.004639,-120.177277,45,top
S41,143.045844,-141.688687,45,top
S42,128.636229,-134.545687,45,top
S43,135.86164,-148.872891,45,top
S44,121.452024,-141.729892,45,top
S45,120.580355,-164.154176,45,top
S46,114.309025,-148.872891,45,top
S47,128.318225,-156.416306,45,top
S48,107.12482,-156.057096,45,top
S49,88.445887,-157.853147,315,top
S5,100.650197,-50.817899,315,top
S50,36.942769,-83.567384,90,top
S51,116.753629,-172.837639,90,top
S52,78.5989,-173.0294,270,top
S53,78.586,-182.9354,270,top
S6,88.257444,-48.842242,315,top
S7,119.289569,-35.891295,135,top
S8,99.931776,-51.536319,135,top
S9,81.252844,-49.740268,225,top
SW1,106.805208,-63.754205,225,top
U1,127.749712,-89.27314,135,top
